Aa en Hunze, Holanda
Aach, Alemanha
Aachen, Alemanha
Aalburg, Holanda
Aalen, Alemanha
Abacã, Rússia
Abaza, Rússia
Abcoude, Holanda
Abdulino, Rússia
Abenberg, Alemanha
Abensberg, Alemanha
Abinsk, Rússia
Abohar, Índia
Abu Road, Índia
Acharnes, Grécia
Achern, Alemanha
Achim, Alemanha
Adelsheim, Alemanha
Adenau, Alemanha
Adigueisk, Rússia
Adilabad, Índia
Adorf, Alemanha
Afrágola, Itália
Agartala, Índia
Agia Paraskevi, Grécia
Agia Varvara, Grécia
Agioi Anargyroi, Grécia
Agios Dimitrios, Grécia
Agra, Índia
Agriz, Rússia
Agrínio, Grécia
Aguidel, Rússia
Aguinskoie, Rússia
Ahaus, Alemanha
Ahlen, Alemanha
Ahmadnagar, Índia
Ahmedabad, Índia
Ahrensburg, Alemanha
Aichach, Alemanha
Aichtal, Alemanha
Aigaleo, Grécia
Aix-en-Provence, França
Aizwal, Índia
Ajjampura, Índia
Ajmer, Índia
Ak-Dovurak, Rússia
Akhtubinsk, Rússia
Akola, Índia
Aksay, Rússia
Alaguir, Rússia
Alala, Índia
Alapaievsk, Rússia
Alatir, Rússia
Albens, França
Albstadt, Alemanha
Aldan, Rússia
Aldenhoven, Alemanha
Aleisk, Rússia
Aleksandrov, Rússia
Aleksandrovsk, Rússia
Aleksandrovsk-Sakhalinski, Rússia
Alekseievka, Rússia
Aleksin, Rússia
Alfeld, Alemanha
Alfortville, França
Alfter, Alemanha
Aligarh, Índia
Alimos, Grécia
Alingsås, Suécia
Alken, Alemanha
Alkmaar, Holanda
Allahabad, Índia
Allauch, França
Allendorf, Alemanha
Allstedt, Alemanha
Almelo, Holanda
Almere, Holanda
Almetievsk, Rússia
Alphen aan den Rijn, Holanda
Alphen-Chaam, Holanda
Alpirsbach, Alemanha
Alsdorf, Alemanha
Alsfeld, Alemanha
Alsleben, Alemanha
Altdorf, Alemanha
Altena, Alemanha
Altenau, Alemanha
Altenberg, Alemanha
Altenburg, Alemanha
Altenkirchen, Alemanha
Altensteig, Alemanha
Altentreptow, Alemanha
Altlandsberg, Alemanha
Altötting, Alemanha
Alwar, Índia
Alzamai, Rússia
Alzenau, Alemanha
Alzey, Alemanha
Ambala, Índia
Ambelókipos, Grécia
Amber, Índia
Amberg, Alemanha
Amerongen, Holanda
Amersfoort, Holanda
Amorbach, Alemanha
Amravati, Índia
Amreli, Índia
Amritsar, Índia
Amstelveen, Holanda
Amsterdã, Holanda
Amursk, Rússia
Amöneburg, Alemanha
Anadir, Rússia
Anakapalle, Índia
Anand, Índia
Anantapur, Índia
Anapa, Rússia
Andernach, Alemanha
Andreapol, Rússia
Angarsk, Rússia
Angermünde, Alemanha
Aniva, Rússia
Anjero-Sudjensk, Rússia
Anklam, Alemanha
Anklesvar, Índia
Annaberg-Buchholz, Alemanha
Annaburg, Alemanha
Annecy-le-Vieux, França
Annemasse, França
Annweiler am Trifels, Alemanha
Ansbach, Alemanha
Anuppur, Índia
Apatiti, Rússia
Apcheronsk, Rússia
Apeldoorn, Holanda
Apolda, Alemanha
Appingedam, Holanda
Aprelevka, Rússia
Aramil, Rússia
Araria, Índia
Arboga, Suécia
Arcangel, Rússia
Arcot, Índia
Ardatov, Rússia
Ardon, Rússia
Arendsee, Alemanha
Argirópolis, Grécia
Argun, Rússia
Ariyalur, Índia
Arkadak, Rússia
Armavir, Rússia
Arneburg, Alemanha
Arnhem, Holanda
Arnis, Alemanha
Arnsberg, Alemanha
Arnstadt, Alemanha
Arnstein, Alemanha
Arrah, Índia
Arseniev, Rússia
Artern, Alemanha
Artiom, Rússia
Artiomovsk, Rússia
Artiomovski, Rússia
Aruppukkottai, Índia
Arvika, Suécia
Arzamas, Rússia
Arzberg, Alemanha
Asansol, Índia
Asbest, Rússia
Aschaffenburg, Alemanha
Ascheberg, Alemanha
Aschersleben, Alemanha
Ashok Nagar, Índia
Askersund, Suécia
Asperg, Alemanha
Assen, Holanda
Assino, Rússia
Asten, Holanda
Astracã, Rússia
Atchinsk, Rússia
Athis-Mons, França
Atkarsk, Rússia
Attendorn, Alemanha
Aub, Alemanha
Aue, Alemanha
Auerbach in der Oberpfalz, Alemanha
Auerbach, Alemanha
Augsburgo, Alemanha
Aulendorf, Alemanha
Auma, Alemanha
Aurangabad, Índia
Aurich, Alemanha
Auroville, Índia
Auxerre, França
Avesta, Suécia
Ayodhya, Índia
Azamgarh, Índia
Aznakaievo, Rússia
Azov, Rússia
Aßlar, Alemanha
Baarle-Nassau, Holanda
Baarn, Holanda
Babaievo, Rússia
Babenhausen, Alemanha
Babuchkin, Rússia
Backnang, Alemanha
Bad Aibling, Alemanha
Bad Arolsen, Alemanha
Bad Bentheim, Alemanha
Bad Berleburg, Alemanha
Bad Driburg, Alemanha
Bad Dürkheim, Alemanha
Bad Essen, Alemanha
Bad Friedrichshall, Alemanha
Bad Harzburg, Alemanha
Bad Hersfeld, Alemanha
Bad Homburg, Alemanha
Bad Honnef, Alemanha
Bad Kissingen, Alemanha
Bad Kreuznach, Alemanha
Bad Krozingen, Alemanha
Bad Laasphe, Alemanha
Bad Langensalza, Alemanha
Bad Lippspringe, Alemanha
Bad Mergentheim, Alemanha
Bad Münder, Alemanha
Bad Münstereifel, Alemanha
Bad Nauheim, Alemanha
Bad Neuenahr-Ahrweiler, Alemanha
Bad Neustadt an der Saale, Alemanha
Bad Oeynhausen, Alemanha
Bad Oldesloe, Alemanha
Bad Pyrmont, Alemanha
Bad Rappenau, Alemanha
Bad Reichenhall, Alemanha
Bad Salzuflen, Alemanha
Bad Salzungen, Alemanha
Bad Saulgau, Alemanha
Bad Schwartau, Alemanha
Bad Segeberg, Alemanha
Bad Soden, Alemanha
Bad Säckingen, Alemanha
Bad Tölz, Alemanha
Bad Vilbel, Alemanha
Bad Waldsee, Alemanha
Bad Wildungen, Alemanha
Bad Zwischenahn, Alemanha
Baden-Baden, Alemanha
Baesweiler, Alemanha
Bagrationovsk, Rússia
Baharampur, Índia
Bahraich, Índia
Baie-Mahault, França
Baiersbronn, Alemanha
Baikalsk, Rússia
Baimak, Rússia
Bakal, Rússia
Baksan, Rússia
Balabanovo, Rússia
Balachikha, Rússia
Balachov, Rússia
Balaghat, Índia
Balakhna, Rússia
Balakovo, Rússia
Balasore, Índia
Balei, Rússia
Balia, Índia
Balingen, Alemanha
Ballarpur, Índia
Balrampur, Índia
Baltiisk, Rússia
Bamberg, Alemanha
Banda, Índia
Banga, Índia
Bangalore, Índia
Bangalore, Índia
Banganapalle, Índia
Banswara, Índia
Banswara, Índia
Banur, Índia
Barabinsk, Rússia
Barddhaman, Índia
Bareli, Índia
Barh, Índia
Barich, Rússia
Baripada, Índia
Barmer, Índia
Barnaul, Rússia
Barrackpur, Índia
Barsinghausen, Alemanha
Barwani, Índia
Bassum, Alemanha
Bataisk, Rússia
Baunatal, Alemanha
Bautzen, Alemanha
Bavli, Rússia
Bayreuth, Alemanha
Beawar, Índia
Bebra, Alemanha
Beckingen, Alemanha
Beckum, Alemanha
Bedburg, Alemanha
Bedum, Holanda
Bejetsk, Rússia
Belaia Kalitva, Rússia
Belaia Kholunitsa, Rússia
Belebei, Rússia
Belgaum, Índia
Belgorod, Rússia
Beli, Rússia
Belinski, Rússia
Beliov, Rússia
Bellary, Índia
Bellingwedde, Holanda
Belogorsk, Rússia
Beloiarski, Rússia
Belokurikha, Rússia
Belomorsk, Rússia
Beloretchensk, Rússia
Beloretsk, Rússia
Belovo, Rússia
Belozersk, Rússia
Bendorf, Alemanha
Bensheim, Alemanha
Berdsk, Rússia
Berezniki, Rússia
Bergeijk, Holanda
Bergen op Zoom, Holanda
Bergerac, França
Bergheim, Alemanha
Bergisch Gladbach, Alemanha
Bergkamen, Alemanha
Bergneustadt, Alemanha
Beriozovski-Kemerovo, Rússia
Beriozovski-Sverdlovsk, Rússia
Berlim, Alemanha
Bernau, Alemanha
Bernburg, Alemanha
Bernheze, Holanda
Besançon, França
Beslan, Rússia
Best, Holanda
Betul, Índia
Beverungen, Alemanha
Bexbach, Alemanha
Bezons, França
Bhagalpur, Índia
Bhandara, Índia
Bharatpur, Índia
Bharuch, Índia
Bhavani, Índia
Bhavnagar, Índia
Bhilai Nagar, Índia
Bhind, Índia
Bhiwandi, Índia
Bhopal, Índia
Bhubaneswar, Índia
Bhuj, Índia
Biarritz, França
Biberach, Alemanha
Bidar, Índia
Bielefeld, Alemanha
Bietigheim-Bissingen, Alemanha
Bihar Sharif, Índia
Biisk, Rússia
Bijapur, Índia
Bijnaur, Índia
Bikaner, Índia
Bikin, Rússia
Bilaspur-Chhattisgarh, Índia
Bilaspur-Himachal Pradesh, Índia
Bilgha, Índia
Bilibino, Rússia
Bingen, Alemanha
Biriussinsk, Rússia
Biriutch, Rússia
Birobidjan, Rússia
Birsk, Rússia
Bitterfeld, Alemanha
Bladel, Holanda
Blagodarni, Rússia
Blagoveschensk-Amur, Rússia
Blankenburg, Alemanha
Blankenfelde-Mahlow, Alemanha
Blaustein, Alemanha
Blieskastel, Alemanha
Blomberg, Alemanha
Bobingen, Alemanha
Bobrov, Rússia
Bocholt, Alemanha
Bochum, Alemanha
Bodaibo, Rússia
Boden, Suécia
Bodh Gaya, Índia
Boekel, Holanda
Bogdanovitch, Rússia
Bogoroditsk, Rússia
Bogorodsk, Rússia
Bogotol, Rússia
Bogutchar, Rússia
Bokaro, Índia
Boksitogorsk, Rússia
Bolchoi, Rússia
Bolgar, Rússia
Bolkhov, Rússia
Bollnäs, Suécia
Bologoie, Rússia
Bolokhovo, Rússia
Bolotnoie, Rússia
Bombay, Índia
Bona, Alemanha
Boppard, Alemanha
Bor, Rússia
Borger-Odoorn, Holanda
Borgholm, Suécia
Borissoglebsk, Rússia
Borken, Alemanha
Borlänge, Suécia
Borna, Alemanha
Bornheim, Alemanha
Borodino, Rússia
Borovitchi, Rússia
Borovsk, Rússia
Borsele, Holanda
Borzia, Rússia
Borås, Suécia
Bottrop, Alemanha
Boxmeer, Holanda
Boxtel, Holanda
Brackenheim, Alemanha
Brake, Alemanha
Brakel, Alemanha
Bramsche, Alemanha
Brandemburgo, Alemanha
Bratsk, Rússia
Braunschweig, Alemanha
Breda, Holanda
Bredevoort, Holanda
Breisach, Alemanha
Bremen, Alemanha
Bremerhaven, Alemanha
Bremervörde, Alemanha
Bretten, Alemanha
Breukelen, Holanda
Briansk, Rússia
Brilon, Alemanha
Bron, França
Bronnitsi, Rússia
Bruchköbel, Alemanha
Bruchsal, Alemanha
Bruckmühl, Alemanha
Brunoy, França
Brunswick, Alemanha
Brüggen, Alemanha
Brühl, Alemanha
Buchen, Alemanha
Buchholz, Alemanha
Buckeburgo, Alemanha
Budionnovsk, Rússia
Bugulma, Rússia
Buguruslan, Rússia
Bui, Rússia
Buinaksk, Rússia
Buinsk, Rússia
Bulandshahr, Índia
Buldana, Índia
Bunnik, Holanda
Bunschoten, Holanda
Burbach, Alemanha
Burbach, Alemanha
Buren, Holanda
Burg, Alemanha
Burgdorf, Alemanha
Burgdorf, Alemanha
Burghausen, Alemanha
Burgwedel, Alemanha
Burhanpur, Índia
Burscheid, Alemanha
Buturlinovka, Rússia
Butzbach, Alemanha
Buxar, Índia
Buxtehude, Alemanha
Buzuluk, Rússia
Böblingen, Alemanha
Bönen, Alemanha
Büdingen, Alemanha
Bühl, Alemanha
Bünde, Alemanha
Büren, Alemanha
Bürstadt, Alemanha
Cachan, França
Calamata, Grécia
Calamária, Grécia
Calcutta, Índia
Calecute, Índia
Calicut, Índia
Caliteia, Grécia
Calw, Alemanha
Cambay, Índia
Cardítsa, Grécia
Carpentras, França
Castrop-Rauxel, Alemanha
Caterini, Grécia
Cavaillon, França
Cavala, Grécia
Celle, Alemanha
Ceratsini, Grécia
Chadrinsk, Rússia
Chaidari, Grécia
Chakhti, Rússia
Chakhunia, Rússia
Chalandri, Grécia
Cham, Alemanha
Chamoli Gopeshwar, Índia
Champawat, Índia
Chamrajnagar, Índia
Chandannagar, Índia
Chandigarh, Índia
Chandrapur, Índia
Chania, Grécia
Chapra, Índia
Charia, Rússia
Charkhari, Índia
Chartres, França
Charypovo, Rússia
Chatou, França
Chatura, Rússia
Chaumont, França
Chelekhov, Rússia
Cheliabinsk, Rússia
Chemnitz, Alemanha
Chengalpattu, Índia
Chhatarpur, Índia
Chhindwara, Índia
Chikmagalur, Índia
Chimanovsk, Rússia
Chiplun, Índia
Chitradurga, Índia
Chitrakoot Dham Karwi, Índia
Chittoor, Índia
Chumerlia, Rússia
Châtenay-Malabry, França
Clausthal-Zellerfeld, Alemanha
Cleves, Alemanha
Cloppenburg, Alemanha
Cluses, França
Coburg, Alemanha
Coesfeld, Alemanha
Coevorden, Holanda
Cognac, França
Coimbatore, Índia
Colargo, Grécia
Comotini, Grécia
Contai, Índia
Coonoor, Índia
Corbeil-Essonnes, França
Corfu, Grécia
Corídalos, Grécia
Coswig, Alemanha
Cottbus, Alemanha
Coulão, Índia
Crailsheim, Alemanha
Cran-Gevrier, França
Cranendonck, Holanda
Crimmitschau, Alemanha
Créteil, França
Cuddalore, Índia
Cuddapah, Índia
Cuijk, Holanda
Culemborg, Holanda
Cuttack, Índia
Cuxhaven, Alemanha
Cáchin, Rússia
Cálcis, Grécia
Dabra, Índia
Dachau, Alemanha
Dadra, Índia
Daguestanskiie Ogni, Rússia
Dahod, Índia
Dakshineswar, Índia
Dalnegorsk, Rússia
Dalneretchensk, Rússia
Daltonganj, Índia
Damme, Alemanha
Damoh, Índia
Damão, Índia
Danilov, Rússia
Dankov, Rússia
Darbhanga, Índia
Darjeeling, Índia
Darmstadt, Alemanha
Datia, Índia
Datteln, Alemanha
Davanagere, Índia
Davlekanovo, Rússia
De Bilt, Holanda
De Marne, Holanda
De Ronde Venen, Holanda
De Wolden, Holanda
Dedovsk, Rússia
Deggendorf, Alemanha
Degtiarsk, Rússia
Dehgam, Índia
Dehradun, Índia
Delbrück, Alemanha
Delft, Holanda
Delfzijl, Holanda
Delhi, Índia
Delitzsch, Alemanha
Delmenhorst, Alemanha
Demidov, Rússia
Den Helder, Holanda
Deoghar, Índia
Derbent, Rússia
Desnogorsk, Rússia
Dessau, Alemanha
Detmold, Alemanha
Deurne, Holanda
Deventer, Holanda
Dewas, Índia
Dhanbad, Índia
Dhar, Índia
Dharampur, Índia
Dharamsala, Índia
Dharwad, Índia
Dholka, Índia
Dhule, Índia
Dhulian, Índia
Diatkovo, Rússia
Dieburg, Alemanha
Diepholz, Alemanha
Dietzenbach, Alemanha
Digora, Rússia
Dillenburg, Alemanha
Dillingen, Alemanha
Dimitrovgrad, Rússia
Dindigul, Índia
Dingolfing, Alemanha
Dingy-Saint-Clair, França
Dinslaken, Alemanha
Dispur, Índia
Ditzingen, Alemanha
Diu, Índia
Diurtiuli, Rússia
Divnogorsk, Rússia
Djursholm, Suécia
Dmitriev-Lgovski, Rússia
Dmitrov, Rússia
Dno, Rússia
Doetinchem, Holanda
Dolgoprudni, Rússia
Dolinsk, Rússia
Dombivli, Índia
Domodedovo, Rússia
Donaueschingen, Alemanha
Donauwörth, Alemanha
Donetsk, Rússia
Dongen, Holanda
Doorn, Holanda
Dordrecht, Holanda
Dormagen, Alemanha
Dorogobuj, Rússia
Dorsten, Alemanha
Dortmund, Alemanha
Drachten, Holanda
Drama, Grécia
Draveil, França
Dreieich, Alemanha
Drensteinfurt, Alemanha
Dresden, Alemanha
Drezna, Rússia
Driebergen-Rijsenburg, Holanda
Drimmelen, Holanda
Dronten, Holanda
Dubna, Rússia
Dubovka, Rússia
Duderstadt, Alemanha
Dudinka, Rússia
Duhbai, Índia
Duisburgo, Alemanha
Dukhovchtchina, Rússia
Dumdum, Índia
Durg, Índia
Durgapur, Índia
Dwarka, Índia
Dzerjinsk, Rússia
Dzerjinski, Rússia
Döbeln, Alemanha
Dülmen, Alemanha
Düren, Alemanha
Düsseldorf, Alemanha
Eberbach, Alemanha
Ebersbach, Alemanha
Eberswalde, Alemanha
Ecaterimburgo, Rússia
Eckernförde, Alemanha
Edam, Holanda
Ede, Holanda
Edewecht, Alemanha
Eemnes, Holanda
Eemsmond, Holanda
Eersel, Holanda
Eggenstein-Leopoldshafen, Alemanha
Ehingen, Alemanha
Eilenburg, Alemanha
Einbeck, Alemanha
Eindhoven, Holanda
Eisenach, Alemanha
Eisenhüttenstadt, Alemanha
Eisleben, Alemanha
Eislingen, Alemanha
Eitorf, Alemanha
Eksjö, Suécia
Elektrogorsk, Rússia
Elektroiugli, Rússia
Elektrostal, Rússia
Elektrozavodsk, Rússia
Elista, Rússia
Ellwangen, Alemanha
Elmshorn, Alemanha
Elsdorf, Alemanha
Eltville, Alemanha
Emden, Alemanha
Emmen, Holanda
Emmendingen, Alemanha
Emmerich, Alemanha
Emsdetten, Alemanha
Engels, Rússia
Engelskirchen, Alemanha
Enger, Alemanha
Enkhuizen, Holanda
Enköping, Suécia
Ennepetal, Alemanha
Ennigerloh, Alemanha
Enschede, Holanda
Eppelborn, Alemanha
Eppingen, Alemanha
Erding, Alemanha
Erftstadt, Alemanha
Erfurt, Alemanha
Erkelenz, Alemanha
Erkrath, Alemanha
Erlangen, Alemanha
Ernakulam, Índia
Erode, Índia
Erwitte, Alemanha
Eschborn, Alemanha
Eschwege, Alemanha
Eschweiler, Alemanha
Eskilstuna, Suécia
Eslöv, Suécia
Espelkamp, Alemanha
Essen, Alemanha
Esslingen, Alemanha
Etah, Índia
Etawah, Índia
Etten-Leur, Holanda
Ettlingen, Alemanha
Euskirchen, Alemanha
Eutin, Alemanha
Evosmos, Grécia
Fagersta, Suécia
Faizabad, Índia
Falkenberg, Suécia
Falkensee, Alemanha
Falköping, Suécia
Falsterbo, Suécia
Falun, Suécia
Faridabad, Índia
Faridkot, Índia
Farrukhabad, Índia
Fatehgarh, Índia
Fatehpur Sikri, Índia
Fellbach, Alemanha
Ferozepur, Índia
Filderstadt, Alemanha
Filipstad, Suécia
Finnentrop, Alemanha
Finsterwalde, Alemanha
Firozabad, Índia
Flen, Suécia
Flensburg, Alemanha
Flörsheim, Alemanha
Fontenay-sous-Bois, França
Forchheim, Alemanha
Forst, Alemanha
Frammersbach, Alemanha
Frankenberg, Alemanha
Frankenthal, Alemanha
Frankfurt am Main, Alemanha
Frankfurt an der Oder, Alemanha
Frechen, Alemanha
Freiberg, Alemanha
Freiburg, Alemanha
Freigericht, Alemanha
Freilassing, Alemanha
Freital, Alemanha
Freudenberg, Alemanha
Freudenstadt, Alemanha
Friazino, Rússia
Friedberg, Alemanha
Friedrichsdorf, Alemanha
Friedrichshafen, Alemanha
Friesoythe, Alemanha
Frisinga, Alemanha
Fritzlar, Alemanha
Frolovo, Rússia
Fröndenberg, Alemanha
Fulda, Alemanha
Furmanov, Rússia
Fürstenfeldbruck, Alemanha
Fürstenwalde, Alemanha
Fürth, Alemanha
Gadchiroli, Índia
Gagarin, Rússia
Gaggenau, Alemanha
Galatsi, Grécia
Galitch, Rússia
Ganderkesee, Alemanha
Gandhinagar, Índia
Gangtok, Índia
Ganjam, Índia
Garbsen, Alemanha
Garcha, Índia
Garching, Alemanha
Garmisch-Partenkirchen, Alemanha
Gautam Budh Nagar, Índia
Gauting, Alemanha
Gaya, Índia
Gdov, Rússia
Geertruidenberg, Holanda
Geesthacht, Alemanha
Gehrden, Alemanha
Geilenkirchen, Alemanha
Geislingen, Alemanha
Geldern, Alemanha
Geldrop-Mierlo, Holanda
Geleen, Holanda
Gelnhausen, Alemanha
Gelsenkirchen, Alemanha
Gemert-Bakel, Holanda
Georgsmarienhütte, Alemanha
Gera, Alemanha
Geretsried, Alemanha
Gerlingen, Alemanha
Germering, Alemanha
Germersheim, Alemanha
Gersthofen, Alemanha
Gescher, Alemanha
Geseke, Alemanha
Gevelsberg, Alemanha
Ghaziabad, Índia
Ghazipur, Índia
Giengen, Alemanha
Gießen, Alemanha
Gifhorn, Alemanha
Gilching, Alemanha
Gilze en Rijen, Holanda
Ginsheim-Gustavsburg, Alemanha
Gladbeck, Alemanha
Glauchau, Alemanha
Glinde, Alemanha
Glyfáda, Grécia
Goa Velha, Índia
Goch, Alemanha
Godhra, Índia
Goes, Holanda
Goirle, Holanda
Golitsino, Rússia
Gondiya, Índia
Gorakhpur, Índia
Gorno-Altaisk, Rússia
Gorokhovets, Rússia
Goslar, Alemanha
Gota, Alemanha
Gouda, Holanda
Grave, Holanda
Greater Noida, Índia
Grefrath, Alemanha
Greifswald, Alemanha
Greiz, Alemanha
Greven, Alemanha
Grevenbroich, Alemanha
Griesheim, Alemanha
Grigny, França
Grimma, Alemanha
Groenlo, Holanda
Gronau, Alemanha
Groninga, Holanda
Grootegast, Holanda
Grozni, Rússia
Groß-Gerau, Alemanha
Groß-Umstadt, Alemanha
Großenhain, Alemanha
Großostheim, Alemanha
Gränna, Suécia
Gröbenzell, Alemanha
Guben, Alemanha
Gudalur, Índia
Gudivada, Índia
Gueorguievsk, Rússia
Gulbarga, Índia
Gumla, Índia
Gummersbach, Alemanha
Guna, Índia
Gundlupet, Índia
Guntur, Índia
Gunzenhausen, Alemanha
Gurgaon, Índia
Gurievsk, Rússia
Gus-Khrustalni, Rússia
Gussev, Rússia
Guwahati, Índia
Gvardeisk, Rússia
Gwalior, Índia
Gwalior, Índia
Gävle, Suécia
Göppingen, Alemanha
Görlitz, Alemanha
Göteborg, Suécia
Göttingen, Alemanha
Günzburg, Alemanha
Güstrow, Alemanha
Gütersloh, Alemanha
Haan, Alemanha
Haar, Alemanha
Haaren, Holanda
Haarlem, Holanda
Hagen, Alemanha
Hagfors, Suécia
Haia, Holanda
Haiderabade-Andhra Pradesh, Índia
Haiger, Alemanha
Hainburg, Alemanha
Halberstadt, Alemanha
Haldensleben, Alemanha
Halderberge, Holanda
Haldia, Índia
Haldwani, Índia
Halle an der Saale, Alemanha
Halle, Alemanha
Halmstad, Suécia
Halstenbek, Alemanha
Haltern, Alemanha
Halver, Alemanha
Hamburgo, Alemanha
Hamelin, Alemanha
Hamir-Uttar Pradesh, Índia
Hamirpur-Himachal Pradesh, Índia
Hamm, Alemanha
Hamminkeln, Alemanha
Hanau, Alemanha
Hannoversch Münden, Alemanha
Hansi, Índia
Hanumangarh, Índia
Hanôver, Alemanha
Haparanda, Suécia
Harda, Índia
Harderwijk, Holanda
Haren, Alemanha
Haren, Holanda
Haridwar, Índia
Harlingen, Holanda
Harsawa, Índia
Harsewinkel, Alemanha
Hassan, Índia
Hastinapur, Índia
Hathras, Índia
Hattem, Holanda
Hattersheim, Alemanha
Hattingen, Alemanha
Haßloch, Alemanha
Hechingen, Alemanha
Hedemora, Suécia
Heerenveen, Holanda
Heerlen, Holanda
Heeze-Leende, Holanda
Heide, Alemanha
Heidelberg, Alemanha
Heidenau, Alemanha
Heidenheim, Alemanha
Heilbad Heiligenstadt, Alemanha
Heilbronn, Alemanha
Heiligenhaus, Alemanha
Heinsberg, Alemanha
Helmond, Holanda
Helmstedt, Alemanha
Helsingborg, Suécia
Hemer, Alemanha
Hemmingen, Alemanha
Hengelo, Holanda
Hennef, Alemanha
Hennigsdorf, Alemanha
Henstedt-Ulzburg, Alemanha
Heppenheim, Alemanha
Heraclião, Grécia
Herborn, Alemanha
Herdecke, Alemanha
Herford, Alemanha
Herne, Alemanha
Herrenberg, Alemanha
Herten, Alemanha
Hertogenbosch, Holanda
Herzberg am Harz, Alemanha
Herzebrock-Clarholz, Alemanha
Herzogenaurach, Alemanha
Herzogenrath, Alemanha
Hessisch Oldendorf, Alemanha
Hettstedt, Alemanha
Heusden, Holanda
Heusenstamm, Alemanha
Heusweiler, Alemanha
Hiddenhausen, Alemanha
Hilchenbach, Alemanha
Hildesheim, Alemanha
Hille, Alemanha
Hilvarenbeek, Holanda
Hilversum, Holanda
Himatnagar, Índia
Hinterbrunsbieselbach, Alemanha
Hisar, Índia
Hjo, Suécia
Hochheim, Alemanha
Hockenheim, Alemanha
Hof, Alemanha
Hofgeismar, Alemanha
Hofheim, Alemanha
Hohen Neuendorf, Alemanha
Hohenstein-Ernstthal, Alemanha
Holzkirchen, Alemanha
Holzminden, Alemanha
Holzwickede, Alemanha
Homberg, Alemanha
Homburg, Alemanha
Hoofddorp, Holanda
Hoogeveen, Holanda
Hoogezand-Sappemeer, Holanda
Hoorn, Holanda
Hoppegarten, Alemanha
Horb, Alemanha
Horn-Bad Meinberg, Alemanha
Hoshiarpur, Índia
Houten, Holanda
Howrah, Índia
Hoyerswerda, Alemanha
Hubli, Índia
Hude, Alemanha
Hudiksvall, Suécia
Huissen, Holanda
Hulst, Holanda
Husqvarna, Suécia
Husum, Alemanha
Härnösand, Suécia
Hässleholm, Suécia
Höganäs, Suécia
Hörstel, Alemanha
Hövelhof, Alemanha
Höxter, Alemanha
Hückelhoven, Alemanha
Hückeswagen, Alemanha
Hünfeld, Alemanha
Hürth, Alemanha
IJsselstein, Holanda
Iakutsk, Rússia
Ialutorovsk, Rússia
Iaransk, Rússia
Iaroslavl, Rússia
Iartsevo, Rússia
Ibbenbüren, Alemanha
Ichim, Rússia
Idar-Oberstein, Alemanha
Idstein, Alemanha
Iefremov, Rússia
Iegorievsk, Rússia
Ieisk, Rússia
Ielabuga, Rússia
Ielets, Rússia
Ielnia, Rússia
Igarka, Rússia
Ijevsk, Rússia
Ilio, Grécia
Illertissen, Alemanha
Illingen, Alemanha
Ilmenau, Alemanha
India-Orissa, Índia
Indore, Índia
Ingelheim, Alemanha
Ingolstadt, Alemanha
Inta, Rússia
Iochkar-Ola, Rússia
Irbit, Rússia
Irinjalakuda, Índia
Irkutsk, Rússia
Iserlohn, Alemanha
Isernhagen, Alemanha
Istra, Rússia
Istres, França
Itzehoe, Alemanha
Iujno-Sakhalinsk, Rússia
Iultin, Rússia
Ivangorod, Rússia
Ivanov, Rússia
Ivanteievka, Rússia
Jabalpur, Índia
Jagraon, Índia
Jaipur, Índia
Jais, Índia
Jaisalmer, Índia
Jalandhar, Índia
Jalgaon, Índia
Jammu, Índia
Jamnagar, Índia
Jamshedpur, Índia
Janina, Grécia
Jaunpur, Índia
Jeleznodorojni, Rússia
Jeleznogorsk, Rússia
Jena, Alemanha
Jhabua, Índia
Jhalawar, Índia
Jhansi, Índia
Jhunjhunu, Índia
Jiguliovsk, Rússia
Jodhpur, Índia
Jorhat, Índia
Jukovsky, Rússia
Junagadh, Índia
Jönköping, Suécia
Jüchen, Alemanha
Jülich, Alemanha
Kaarst, Alemanha
Kachin, Rússia
Kaiserslautern, Alemanha
Kakinada, Índia
Kalatchinsk, Rússia
Kalimpong, Índia
Kaliningrado, Rússia
Kalinovka, Rússia
Kalletal, Alemanha
Kalmar, Suécia
Kaltenkirchen, Alemanha
Kaluga, Rússia
Kalwa, Índia
Kalyan-Dombivli, Índia
Kalyani, Índia
Kamen, Alemanha
Kamennogorsk, Rússia
Kamensk-Uralski, Rússia
Kamenz, Alemanha
Kamp-Lintfort, Alemanha
Kanach, Rússia
Kanauj, Índia
Kancheepuram, Índia
Kandalakcha, Rússia
Kandla, Índia
Kangazha, Índia
Kannur, Índia
Kanpur, Índia
Kansk, Rússia
Kanyakumari, Índia
Kapelle, Holanda
Karaikal, Índia
Karaikudi, Índia
Karamsad, Índia
Karben, Alemanha
Karimnagar, Índia
Karjat, Índia
Karlsbad, Alemanha
Karlsfeld, Alemanha
Karlshamn, Suécia
Karlskoga, Suécia
Karlskrona, Suécia
Karlsruhe, Alemanha
Karlstad, Suécia
Karlstadt, Alemanha
Karnal, Índia
Karur, Índia
Karwar, Índia
Kaspiysk, Rússia
Kassel, Alemanha
Kassimov, Rússia
Katrineholm, Suécia
Kaufbeuren, Alemanha
Kavaratti, Índia
Kazan, Rússia
Kehl, Alemanha
Kelheim, Alemanha
Kelkheim, Alemanha
Kemerovo, Rússia
Kempen, Alemanha
Kempten, Alemanha
Kerkrade, Holanda
Kernen, Alemanha
Kerpen, Alemanha
Kevelaer, Alemanha
Khabarovsk, Rússia
Khammam, Índia
Khandwa, Índia
Kharagpur, Índia
Khargone, Índia
Kheda, Índia
Khilchipur, Índia
Khimki, Rússia
Kholmsk, Rússia
Khuldabad, Índia
Kiel, Alemanha
Kierspe, Alemanha
Kifisia, Grécia
Kimry, Rússia
Kinechma, Rússia
Kinguisepp, Rússia
Kirandul, Índia
Kirchhain, Alemanha
Kirchheim, Alemanha
Kirchlengern, Alemanha
Kirichi, Rússia
Kirov, Rússia
Kirovgrad, Rússia
Kirovo-Tchepetsk, Rússia
Kirovsk, Rússia
Kiruna, Suécia
Kislovodsk, Rússia
Kisseliovsk, Rússia
Kitzingen, Alemanha
Kleinmachnow, Alemanha
Klin, Rússia
Klintsi, Rússia
Koblenz, Alemanha
Kochi, Índia
Kogalim, Rússia
Kohima, Índia
Kolar, Índia
Kolbermoor, Alemanha
Kolhapur, Índia
Kolhapur, Índia
Kollam, Índia
Kolomna, Rússia
Komsomolsk-Amur, Rússia
Konark, Índia
Kondopoga, Rússia
Konstanz, Alemanha
Konz, Alemanha
Kopeisk, Rússia
Korba, Índia
Korbach, Alemanha
Koriajma, Rússia
Korntal-Münchingen, Alemanha
Kornwestheim, Alemanha
Koroliov, Rússia
Korsakov, Rússia
Korschenbroich, Alemanha
Kostroma, Rússia
Kota, Índia
Kotdwara, Índia
Kotelniki, Rússia
Kotelnitch, Rússia
Kothagudem, Índia
Kothamangalam, Índia
Kotlas, Rússia
Kottarakara, Índia
Kottayam, Índia
Kovilpatti, Índia
Kovrov, Rússia
Koyampattur, Índia
Kozani, Grécia
Kozelsk, Rússia
Kozhencherry, Índia
Krai-Krasnoiarsk, Rússia
Kraichtal, Alemanha
Kramfors, Suécia
Krasni Baki, Rússia
Krasnoarmeisk, Rússia
Krasnogorsk, Rússia
Krasnoiarsk, Rússia
Krasnokamsk, Rússia
Krasnoturinsk, Rússia
Krasnufimsk, Rússia
Krefeld, Alemanha
Kreuzau, Alemanha
Kreuztal, Alemanha
Krimsk, Rússia
Kristianstad, Suécia
Kristinehamn, Suécia
Kronach, Alemanha
Kronberg, Alemanha
Kronstadt, Rússia
Kropotkin, Rússia
Kuibichev, Rússia
Kulebaki, Rússia
Kulmbach, Alemanha
Kulpahar, Índia
Kumbakonam, Índia
Kumbhraj, Índia
Kumla, Suécia
Kungsbacka, Suécia
Kungur, Rússia
Kungälv, Suécia
Kurgan, Rússia
Kurnool, Índia
Kurovskoie, Rússia
Kursk, Rússia
Kurtchatov, Rússia
Kushinagar, Índia
Kyzyl, Rússia
Köln, Alemanha
Königs Wusterhausen, Alemanha
Königsbrunn, Alemanha
Königslutter, Alemanha
Königstein, Alemanha
Königswinter, Alemanha
Köping, Suécia
Köthen, Alemanha
Künzell, Alemanha
Künzelsau, Alemanha
Kürten, Alemanha
La Motte-Servolex, França
La Roche-sur-Foron, França
Laarbeek, Holanda
Laatzen, Alemanha
Lage, Alemanha
Lahnstein, Alemanha
Laholm, Suécia
Lahr, Alemanha
Lakinsk, Rússia
Lalitpur, Índia
Lambersart, França
Lampertheim, Alemanha
Landau, Alemanha
Landerd, Holanda
Landsberg, Alemanha
Landshut, Alemanha
Landskrona, Suécia
Langen, Alemanha
Langen, Alemanha
Langenfeld, Alemanha
Langenhagen, Alemanha
Langwedel, Alemanha
Lauchhammer, Alemanha
Lauda-Königshofen, Alemanha
Lauf an der Pegnitz, Alemanha
Laupheim, Alemanha
Le Gosier, França
Le Kremlin-Bicêtre, França
Lebach, Alemanha
Leek, Holanda
Leer, Alemanha
Leersum, Holanda
Leeuwarden, Holanda
Leh, Índia
Lehrte, Alemanha
Leichlingen, Alemanha
Leida, Holanda
Leimen, Alemanha
Leinfelden-Echterdingen, Alemanha
Leipzig, Alemanha
Lelystad, Holanda
Lemgo, Alemanha
Lengerich, Alemanha
Leninogorsk, Rússia
Leninsk-Kuznetski, Rússia
Lennestadt, Alemanha
Lensk, Rússia
Leonberg, Alemanha
Leopoldshöhe, Alemanha
Lermontov, Rússia
Leusden, Holanda
Leutkirch, Alemanha
Leverkusen, Alemanha
Lgov, Rússia
Lichtenfels, Alemanha
Lidingö, Suécia
Lidköping, Suécia
Likhoslavl, Rússia
Lilienthal, Alemanha
Limbach-Oberfrohna, Alemanha
Limburg an der Lahn, Alemanha
Lindau, Alemanha
Lindesberg, Suécia
Lindlar, Alemanha
Lingen, Alemanha
Linköping, Suécia
Lipetsk, Rússia
Lippstadt, Alemanha
Lith, Holanda
Litkarino, Rússia
Liubertsi, Rússia
Ljungby, Suécia
Lobnia, Rússia
Lodeinoie Pole, Rússia
Loenen, Holanda
Lohmar, Alemanha
Lohne, Alemanha
Lohr, Alemanha
Lomonossov, Rússia
Loon op Zand, Holanda
Lopik, Holanda
Loppersum, Holanda
Losheim, Alemanha
Loxstedt, Alemanha
Luckenwalde, Alemanha
Lucknow, Índia
Ludhiana, Índia
Ludvika, Suécia
Ludwigsburg, Alemanha
Ludwigsfelde, Alemanha
Ludwigshafen, Alemanha
Lukhovitsi, Rússia
Luleå, Suécia
Lund, Suécia
Lure, França
Lycksele, Suécia
Lysekil, Suécia
Lárissa, Grécia
Lâmia, Grécia
Löbau, Alemanha
Löhne, Alemanha
Lörrach, Alemanha
Lübbecke, Alemanha
Lübbenau, Alemanha
Lübeck, Alemanha
Lüdenscheid, Alemanha
Lüdinghausen, Alemanha
Lüneburg, Alemanha
Lünen, Alemanha
Maarn, Holanda
Maarssen, Holanda
Maasdonk, Holanda
Maastricht, Holanda
Machilipatnam, Índia
Madanapalle, Índia
Madgaon, Índia
Madikeri, Índia
Madras, Índia
Madurai, Índia
Magadan, Rússia
Magas, Rússia
Magdeburg, Alemanha
Magnitogorsk, Rússia
Mahabaleswar, Índia
Mahabubnagar, Índia
Mahe, Índia
Mahoba, Índia
Mahotsav Nagar, Índia
Mahwa, Índia
Maikop, Rússia
Maintal, Alemanha
Maisons-Alfort, França
Majri, Índia
Makhatchkala, Rússia
Malmij, Rússia
Malmö, Suécia
Mamadich, Rússia
Mandla, Índia
Mandsaur, Índia
Mangalagiri, Índia
Mangalore, Índia
Mannheim, Alemanha
Mantes-la-Jolie, França
Mapuçá, Índia
Marbach, Alemanha
Marburgo, Alemanha
Mariefred, Suécia
Mariestad, Suécia
Mariinski Possad, Rússia
Markkleeberg, Alemanha
Marktoberdorf, Alemanha
Marktredwitz, Alemanha
Marl, Alemanha
Marmagao, Índia
Marousi, Grécia
Marsberg, Alemanha
Marseille-Provence, França
Marstrand, Suécia
Martigues, França
Marum, Holanda
Massy, França
Mathura, Índia
Mayen, Alemanha
Mechernich, Alemanha
Meckenheim, Alemanha
Meerane, Alemanha
Meerbusch, Alemanha
Meerut, Índia
Meinerzhagen, Alemanha
Meiningen, Alemanha
Meißen, Alemanha
Melle, Alemanha
Memmingen, Alemanha
Menden, Alemanha
Menterwolde, Holanda
Menton, França
Meppel, Holanda
Meppen, Alemanha
Merseburg, Alemanha
Merzig, Alemanha
Meschede, Alemanha
Mettmann, Alemanha
Metzingen, Alemanha
Meyzieu, França
Michelstadt, Alemanha
Middelburg, Holanda
Midden-Drenthe, Holanda
Migennes, França
Mikhailovka, Rússia
Mill en Sint Hubert, Holanda
Minden, Alemanha
Mineralni Vodi, Rússia
Minussinsk, Rússia
Miramas, França
Mirni, Rússia
Mirzapur, Índia
Mitischi, Rússia
Mittchurinsk, Rússia
Mittweida, Alemanha
Miuss, Rússia
Mjölby, Suécia
Moerdijk, Holanda
Moers, Alemanha
Mogúncia, Alemanha
Mohali, Índia
Mojaisk, Rússia
Mokama, Índia
Monheim, Alemanha
Montchegorsk, Rússia
Montfoort, Holanda
Moormerland, Alemanha
Moosburg, Alemanha
Moradabad, Índia
Morozovsk, Rússia
Mosbach, Alemanha
Moskovski, Rússia
Moskva, Rússia
Motala, Suécia
Motihari, Índia
Mount Abu, Índia
Mozdok, Rússia
Moûtiers, França
Much, Alemanha
Mullanpur, Índia
Munique, Alemanha
Muravlenko, Rússia
Murmansk, Rússia
Murom, Rússia
Murshidabad, Índia
Murwara, Índia
Mussoorie, Índia
Muzaffarnagar, Índia
Muzaffarpur, Índia
Mysore, Índia
Mölln, Alemanha
Mölndal, Suécia
Mönchengladbach, Alemanha
Mörfelden-Walldorf, Alemanha
Mössingen, Alemanha
Mühlacker, Alemanha
Mühldorf, Alemanha
Mühlhausen, Alemanha
Mühlheim, Alemanha
Mülheim, Alemanha
Müllheim, Alemanha
Münster, Alemanha
Naberejnyie Tchelni, Rússia
Nacka, Suécia
Nadiad, Índia
Nadim, Rússia
Nagapattinam, Índia
Nagarkurnool, Índia
Nagercoil, Índia
Nagina, Índia
Nagold, Alemanha
Nagpur, Índia
Nainital, Índia
Nakhodka, Rússia
Nalgonda, Índia
Naltchik, Rússia
Nanded, Índia
Nandurbar, Índia
Nandyal, Índia
Nanital, Índia
Narasaraopet, Índia
Naro-Fominsk, Rússia
Narsimhapur, Índia
Narsinghgarh, Índia
Nashik, Índia
Nauen, Alemanha
Naumburg, Alemanha
Navi Mumbai, Índia
Navsari, Índia
Nawalgarh, Índia
Nazarovo, Rússia
Nazivaievsk, Rússia
Nazran, Rússia
Nea Ionia, Grécia
Nea Ionia, Grécia
Neckarsulm, Alemanha
Neemuch, Índia
Nellore, Índia
Neman, Rússia
Neo Irakleio, Grécia
Netphen, Alemanha
Nettetal, Alemanha
Neu Wulmstorf, Alemanha
Neu-Anspach, Alemanha
Neu-Isenburg, Alemanha
Neu-Ulm, Alemanha
Neubrandenburg, Alemanha
Neuburg, Alemanha
Neuenhagen, Alemanha
Neufahrn, Alemanha
Neukirchen-Vluyn, Alemanha
Neumarkt, Alemanha
Neumünster, Alemanha
Neunkirchen-Seelscheid, Alemanha
Neuruppin, Alemanha
Neuss, Alemanha
Neustadt an der Aisch, Alemanha
Neustadt an der Weinstrasse, Alemanha
Neustadt, Alemanha
Neustadt-Waldnaab, Alemanha
Neustrelitz, Alemanha
Neusäß, Alemanha
Neuwied, Alemanha
New Guntur, Índia
Niagan, Rússia
Nicaia, Grécia
Nice, França
Nidda, Alemanha
Nidderau, Alemanha
Niederkassel, Alemanha
Niederkrüchten, Alemanha
Nienburg-Saale, Alemanha
Nienburg-Weser, Alemanha
Nieuwegein, Holanda
Nijkerk, Holanda
Nijnevartovsk, Rússia
Nikolaievsk-Amur, Rússia
Nimegue, Holanda
Nizamabad, Índia
Noguinsk, Rússia
Noiabrsk, Rússia
Nolinsk, Rússia
Noord-Beveland, Holanda
Noordenveld, Holanda
Noordoostpolder, Holanda
Norden, Alemanha
Nordenham, Alemanha
Norderstedt, Alemanha
Nordhausen, Alemanha
Nordhorn, Alemanha
Norrköping, Suécia
Norrtälje, Suécia
Northeim, Alemanha
Nottuln, Alemanha
Nova Delhi, Índia
Novokuibichevsk, Rússia
Novokuznetsk, Rússia
Novomoskovsk, Rússia
Novorossisk, Rússia
Novossibirsk, Rússia
Novotcheboksarsk, Rússia
Novotcherkassk, Rússia
Novotroitsk, Rússia
Novozibkov, Rússia
Novuralsk, Rússia
Nuenen, Gerwen en Nederwetten, Holanda
Nuremberg, Alemanha
Nurmahal, Índia
Nurpur-Himachal Pradesh, Índia
Nybro, Suécia
Nyköping, Suécia
Nynäshamn, Suécia
Nässjö, Suécia
Níjni Novgorod, Rússia
Níjni Taguil, Rússia
Nîmes, França
Nördlingen, Alemanha
Nümbrecht, Alemanha
Nürtingen, Alemanha
Ober-Ramstadt, Alemanha
Oberasbach, Alemanha
Oberhausen, Alemanha
Oberkirch, Alemanha
Obertshausen, Alemanha
Oberursel, Alemanha
Oblast-Murmansk, Rússia
Obninsk, Rússia
Ochtrup, Alemanha
Odenthal, Alemanha
Odintsovo, Rússia
Oelde, Alemanha
Oer-Erkenschwick, Alemanha
Oerlinghausen, Alemanha
Offenbach, Alemanha
Offenburg, Alemanha
Oirschot, Holanda
Oisterwijk, Holanda
Ojereli, Rússia
Oktiabrsk, Rússia
Oktiabrski, Rússia
Olching, Alemanha
Oldenburg, Alemanha
Oldenzaal, Holanda
Olpe, Alemanha
Olsberg, Alemanha
Omsk, Rússia
Omutninsk, Rússia
Ongole, Índia
Oosterhout, Holanda
Ootacamund, Índia
Orai, Índia
Oranienburg, Alemanha
Orekhovo-Zuievo, Rússia
Orenburg, Rússia
Oriol, Rússia
Orlov, Rússia
Orsk, Rússia
Oschatz, Alemanha
Oschersleben, Alemanha
Oskarshamn, Suécia
Osmanabad, Índia
Osnabrück, Alemanha
Oss, Holanda
Osterholz-Scharmbeck, Alemanha
Osterode, Alemanha
Ostfildern, Alemanha
Ottobrunn, Alemanha
Ottweiler, Alemanha
Oudewater, Holanda
Overath, Alemanha
Oxelösund, Suécia
Oyten, Alemanha
Oziori, Rússia
Oziorsk, Rússia
Paderborn, Alemanha
Palaio Faliro, Grécia
Palaiseau, França
Palanpur, Índia
Palermo, Itália
Palghat, Índia
Panaji, Índia
Panchkula, Índia
Pandharpur, Índia
Panipat, Índia
Panketal, Alemanha
Panna, Índia
Papenburg, Alemanha
Parchim, Alemanha
Parma, Itália
Partenstein, Alemanha
Pasla, Índia
Passau, Alemanha
Patan, Índia
Pathankot, Índia
Patiala, Índia
Patna, Índia
Patras, Grécia
Patratu-Jharkhand, Índia
Pavia, Itália
Pavlovo, Rússia
Pavlovski Possad, Rússia
Peine, Alemanha
Pekela, Holanda
Penza, Rússia
Penzberg, Alemanha
Pepelow, Alemanha
Pereslavl-Zalessky, Rússia
Peristeri, Grécia
Perm, Rússia
Peruggia, Itália
Pescara, Itália
Petershagen, Alemanha
Petropavlovsk-Kamtchatski, Rússia
Petrovsk, Rússia
Petrovsk-Zabaikalski, Rússia
Petrozavodsk, Rússia
Petuchki, Rússia
Pfaffenhofen, Alemanha
Pfinztal, Alemanha
Pforzheim, Alemanha
Pfullingen, Alemanha
Pfungstadt, Alemanha
Piacenza, Itália
Piatigorsk, Rússia
Pimpri Chinchwad, Índia
Pinneberg, Alemanha
Pireu, Grécia
Pirmasens, Alemanha
Pirna, Alemanha
Pisa, Itália
Pistoia, Itália
Piteå, Suécia
Plauen, Alemanha
Plettenberg, Alemanha
Podolsk, Rússia
Pohlheim, Alemanha
Polessk, Rússia
Polevskoi, Rússia
Polichni, Grécia
Pondá, Índia
Pontault-Combault, França
Pontoise, França
Porbandar, Índia
Port Blair, Índia
Potenza, Itália
Potsdam, Alemanha
Pozzuoli, Itália
Pratapgarh, Índia
Prato, Itália
Preetz, Alemanha
Prenzlau, Alemanha
Puchheim, Alemanha
Puchkino, Rússia
Puducherry, Índia
Pulheim, Alemanha
Punalur, Índia
Pune, Índia
Puschino, Rússia
Pushkar, Índia
Pádua, Itália
Périgueux, França
Pésaro, Itália
Püttlingen, Alemanha
Quakenbrück, Alemanha
Quartu Sant'Elena, Itália
Quedlimburgo, Alemanha
Querfurt, Alemanha
Quickborn, Alemanha
Radeberg, Alemanha
Radebeul, Alemanha
Radevormwald, Alemanha
Radolfzell, Alemanha
Rae Bareli, Índia
Ragusa, Itália
Rahden, Alemanha
Raichur, Índia
Raigarh, Índia
Raipur, Índia
Raisen, Índia
Raitchikhinsk, Rússia
Rajgarh, Índia
Rajkot, Índia
Rajnandgaon, Índia
Ramanathapuram, Índia
Ramenskoie, Rússia
Rameshwaram, Índia
Rampur, Índia
Rastatt, Alemanha
Rastede, Alemanha
Ratangarh, Índia
Ratekau, Alemanha
Rathenow, Alemanha
Ratingen, Alemanha
Ratisbona, Alemanha
Ratlam, Índia
Ratnagiri, Índia
Raurkela, Índia
Ravena, Itália
Ravensburg, Alemanha
Recklinghausen, Alemanha
Rees, Alemanha
Regenstauf, Alemanha
Reggio Calábria, Itália
Reggio nell'Emilia, Itália
Rehlingen-Siersburg, Alemanha
Reichenbach, Alemanha
Reichshof, Alemanha
Reiderland, Holanda
Reimerswaal, Holanda
Reinheim, Alemanha
Remagen, Alemanha
Remscheid, Alemanha
Remseck, Alemanha
Rendsburg, Alemanha
Renningen, Alemanha
Renswoude, Holanda
Reusel-De Mierden, Holanda
Reutlingen, Alemanha
Reutov, Rússia
Rhauderfehn, Alemanha
Rheda-Wiedenbrück, Alemanha
Rhede, Alemanha
Rheinbach, Alemanha
Rheinberg, Alemanha
Rheine, Alemanha
Rheinfelden, Alemanha
Rheinstetten, Alemanha
Rhenen, Holanda
Riajsk, Rússia
Ribnitz-Damgarten, Alemanha
Riedstadt, Alemanha
Riegelsberg, Alemanha
Riesa, Alemanha
Rietberg, Alemanha
Rillieux-la-Pape, França
Rimini, Itália
Rinteln, Alemanha
Ris-Orangis, França
Rjev, Rússia
Rochal, Rússia
Rochefort, França
Rodes, Grécia
Rodgau, Alemanha
Roermond, Holanda
Roma, Itália
Ronneby, Suécia
Ronnenberg, Alemanha
Roosendaal, Holanda
Rosenheim, Alemanha
Roslavl, Rússia
Rostock, Alemanha
Rostov, Rússia
Rostov-Don, Rússia
Rotemburgo, Alemanha
Rotenburg, Alemanha
Roterdã, Holanda
Roth, Alemanha
Rottweil, Alemanha
Rtichtchevo, Rússia
Rubtsovsk, Rússia
Rucphen, Holanda
Rudolstadt, Alemanha
Rumilly, França
Ruza, Rússia
Rybinsk, Rússia
Rödermark, Alemanha
Rösrath, Alemanha
Rüdersdorf, Alemanha
Rüsselsheim, Alemanha
Saalfeld, Alemanha
Saarbrücken, Alemanha
Saarlouis, Alemanha
Sachsenheim, Alemanha
Sagars, Índia
Saharanpur, Índia
Saianogorsk, Rússia
Saint-Herblain, França
Saint-Jean-de-Maurienne, França
Saint-Julien-en-Genevois, França
Saint-Laurent-du-Var, França
Saint-Martin-d'Hères, França
Saint-Médard-en-Jalles, França
Saint-Raphaël, França
Saint-Étienne-du-Rouvray, França
Sainte-Geneviève-des-Bois, França
Salekhard, Rússia
Salem, Índia
Salerno, Itália
Sallanches, França
Salzgitter, Alemanha
Salzkotten, Alemanha
Salzwedel, Alemanha
Samara, Rússia
Samastipur, Índia
Sanawad, Índia
Sandviken, Suécia
Sangamner, Índia
Sangerhausen, Alemanha
Sangli, Índia
Sankt Augustin, Alemanha
Sankt Ingbert, Alemanha
Sankt Wendel, Alemanha
Saransk, Rússia
Sarapul, Rússia
Saratov, Rússia
Sarov, Rússia
Sarstedt, Alemanha
Satara, Índia
Sathyamangala, Índia
Satna, Índia
Savigny-sur-Orge, França
Savona, Itália
Scheemda, Holanda
Schenefeld, Alemanha
Scherbinka, Rússia
Schifferstadt, Alemanha
Schiffweiler, Alemanha
Schijndel, Holanda
Schiolkovo, Rússia
Schkeuditz, Alemanha
Schleswig, Alemanha
Schloß Holte-Stukenbrock, Alemanha
Schlüchtern, Alemanha
Schmalkalden, Alemanha
Schmallenberg, Alemanha
Schmelz, Alemanha
Schneeberg, Alemanha
Schneverdingen, Alemanha
Schopfheim, Alemanha
Schorndorf, Alemanha
Schortens, Alemanha
Schouwen-Duiveland, Holanda
Schramberg, Alemanha
Schrobenhausen, Alemanha
Schwabach, Alemanha
Schwalbach, Alemanha
Schwalmstadt, Alemanha
Schwalmtal, Alemanha
Schwanewede, Alemanha
Schwarzenbach, Alemanha
Schwarzenbek, Alemanha
Schwarzenberg, Alemanha
Schwedt, Alemanha
Schweinfurt, Alemanha
Schwelm, Alemanha
Schwerin, Alemanha
Schwerte, Alemanha
Schwetzingen, Alemanha
Schwäbisch Gmünd, Alemanha
Schwäbisch Hall, Alemanha
Schönebeck, Alemanha
Seeheim-Jugenheim, Alemanha
Seelze, Alemanha
Seesen, Alemanha
Seevetal, Alemanha
Sehnde, Alemanha
Sehore, Índia
Selb, Alemanha
Seligenstadt, Alemanha
Selm, Alemanha
Semionov, Rússia
Senden, Alemanha
Senden, Alemanha
Senftenberg, Alemanha
Seoni, Índia
Serguiev Possad, Rússia
Serov, Rússia
Serpukhov, Rússia
Serres, Grécia
Sesto San Giovanni, Itália
Severodvinsk, Rússia
Severomorsk, Rússia
Seynod, França
Shajapur, Índia
Shegaon, Índia
Sheopur, Índia
Shevgaon, Índia
Shillong, Índia
Shimla, Índia
Shimoga, Índia
Shirala, Índia
Shivani, Índia
Shivpuri, Índia
Sholapur, Índia
Siddipet, Índia
Siegburg, Alemanha
Siegen, Alemanha
Sigmaringen, Alemanha
Sigtuna, Suécia
Sikar, Índia
Silchar, Índia
Siliguri, Índia
Silvassa, Índia
Simmerath, Alemanha
Simrishamn, Suécia
Sindelfingen, Alemanha
Sindhanur, Índia
Singen, Alemanha
Singrauli, Índia
Sinsheim, Alemanha
Sint Anthonis, Holanda
Sint-Michielsgestel, Holanda
Sint-Oedenrode, Holanda
Sinzig, Alemanha
Siracusa, Itália
Sirohi, Índia
Sironj, Índia
Sitamarhi, Índia
Sitapur, Índia
Sittard, Holanda
Siwan, Índia
Six-Fours-les-Plages, França
Sizran, Rússia
Skanör, Suécia
Skara, Suécia
Skellefteå, Suécia
Skhodnia, Rússia
Skovorodino, Rússia
Skänninge, Suécia
Skövde, Suécia
Slaviansk-Kuban, Rússia
Sliudianka, Rússia
Slobodskoi, Rússia
Slochteren, Holanda
Sluis, Holanda
Smolensk, Rússia
Sneek, Holanda
Sobinka, Rússia
Soest, Alemanha
Soest, Holanda
Solikamsk, Rússia
Solingen, Alemanha
Sollefteå, Suécia
Solna, Suécia
Solnetchnogorsk, Rússia
Soltau, Alemanha
Someren, Holanda
Son en Breugel, Holanda
Sondershausen, Alemanha
Sonipat, Índia
Sonthofen, Alemanha
Sosnovka, Rússia
Sotchi, Rússia
Sours, França
Sovetsk-Kaliningrado, Rússia
Sovetsk-Kirov, Rússia
Sovetskaia Gavan, Rússia
Spassk-Dalni, Rússia
Spenge, Alemanha
Spires, Alemanha
Spremberg, Alemanha
Springe, Alemanha
Sprockhövel, Alemanha
Sriganganagar, Índia
Srikakulam, Índia
Srinagar, Índia
Stade, Alemanha
Stadskanaal, Holanda
Stadtallendorf, Alemanha
Stadtbergen, Alemanha
Stadthagen, Alemanha
Stadtlohn, Alemanha
Starnberg, Alemanha
Stavropol, Rússia
Staßfurt, Alemanha
Steenbergen, Holanda
Stein, Alemanha
Steinfurt, Alemanha
Steinhagen, Alemanha
Stendal, Alemanha
Stockach, Alemanha
Stockelsdorf, Alemanha
Stolberg, Alemanha
Straelen, Alemanha
Stralsund, Alemanha
Straubing, Alemanha
Strausberg, Alemanha
Strejevoi, Rússia
Strängnäs, Suécia
Strömstad, Suécia
Stuhr, Alemanha
Stupino, Rússia
Stutensee, Alemanha
Stuttgart, Alemanha
Sudama Chand, Índia
Suhl, Alemanha
Sulzbach, Alemanha
Sulzbach-Rosenberg, Alemanha
Sundbyberg, Suécia
Sundern, Alemanha
Sundsvall, Suécia
Surat, Índia
Suratgarh, Índia
Surendranagar, Índia
Suzdal, Rússia
Svobodni, Rússia
Swisttal, Alemanha
Syke, Alemanha
Sykies, Grécia
Syktyvkar, Rússia
Sássari, Itália
Säffle, Suécia
Säter, Suécia
Sävsjö, Suécia
Söderhamn, Suécia
Söderköping, Suécia
Södertälje, Suécia
Sölvesborg, Suécia
Sömmerda, Alemanha
Südbrookmerland, Alemanha
Taganrog, Rússia
Taldom, Rússia
Tambov, Rússia
Tamluk, Índia
Tandur, Índia
Taranto, Itália
Tatarsk, Rússia
Taufkirchen, Alemanha
Taunusstein, Alemanha
Tchadan, Rússia
Tchaikovsky-Permskiy, Rússia
Tchapaievsk, Rússia
Tchapligin, Rússia
Tchebarkul, Rússia
Tcheboksari, Rússia
Tcheguem, Rússia
Tchekalin, Rússia
Tchekhov-Sacalina, Rússia
Tcheliabinsk, Rússia
Tcherdin, Rússia
Tcheremkhovo, Rússia
Tcherepanovo, Rússia
Tcherepovets, Rússia
Tcherkessk, Rússia
Tchermoz, Rússia
Tcherniakhovsk, Rússia
Tchernogolovka, Rússia
Tchernogorsk, Rússia
Tchernuchka, Rússia
Tchistopol, Rússia
Tchita, Rússia
Tchkalovsk, Rússia
Tchudovo, Rússia
Tchukhloma, Rússia
Tchulim, Rússia
Tchussovoi, Rússia
Telgte, Alemanha
Teltow, Alemanha
Templin, Alemanha
Ten Boer, Holanda
Tenali, Índia
Terneuzen, Holanda
Terni, Itália
Tessalônica, Grécia
Tettnang, Alemanha
Thane, Índia
Thanjavur, Índia
Thathawata, Índia
Thiruvallur, Índia
Tholen, Holanda
Thonon-les-Bains, França
Thrikkannamangal, Índia
Thrissur, Índia
Tidaholm, Suécia
Tiel, Holanda
Tignes, França
Tikamgarh, Índia
Tilburg, Holanda
Timachevsk, Rússia
Tinda, Rússia
Tinsukia, Índia
Tiruchirappalli, Índia
Tirunelveli, Índia
Tirupathi, Índia
Tirupattur, Índia
Tirupur, Índia
Titisee-Neustadt, Alemanha
Tiukalinsk, Rússia
Tiumen, Rússia
Tobolsk, Rússia
Toliatti, Rússia
Tomsk, Rússia
Torgau, Alemanha
Torre del Greco, Itália
Torshälla, Suécia
Tosno, Rússia
Tranås, Suécia
Trapani, Itália
Traunreut, Alemanha
Traunstein, Alemanha
Trelleborg, Suécia
Trento, Itália
Treviso, Itália
Trieste, Itália
Trivandrum, Índia
Troisdorf, Alemanha
Troitsk, Rússia
Trollhättan, Suécia
Trosa, Suécia
Trossingen, Alemanha
Tréveris, Alemanha
Trévilles, França
Trícala, Grécia
Tsimliansk, Rússia
Tuapse, Rússia
Tula, Rússia
Turim, Itália
Tutaiev, Rússia
Tuticorin, Índia
Tuttlingen, Alemanha
Tver, Rússia
Tynaarlo, Holanda
Tönisvorst, Alemanha
Tübingen, Alemanha
Udaipur in Rajasthan, Índia
Udaipur in Tripura, Índia
Uddevalla, Suécia
Uden, Holanda
Udhagamandalam, Índia
Udhampur, Índia
Udupi, Índia
Uelzen, Alemanha
Uetersen, Alemanha
Uetze, Alemanha
Ufa, Rússia
Ugine, França
Uglitch, Rússia
Ujjain, Índia
Ukhta, Rússia
Ulhasnagar, Índia
Ulianovsk, Rússia
Ulm, Alemanha
Ulricehamn, Suécia
Umeå, Suécia
Unna, Alemanha
Unnao, Índia
Unterhaching, Alemanha
Unterschleißheim, Alemanha
Uppsala, Suécia
Uren, Rússia
Uriupinsk, Rússia
Urjum, Rússia
Urk, Holanda
Uslar, Alemanha
Ussolie-Sibirskoie, Rússia
Ussuriysk, Rússia
Ust-Ilimsk, Rússia
Utrecht, Holanda
Uttarpara in West Bengal, Índia
Uzlovaia, Rússia
Vadodara, Índia
Vadstena, Suécia
Vaihingen, Alemanha
Valence, França
Valkenburg aan de Geul, Holanda
Valkenswaard, Holanda
Vallabh Vidhyanagar, Índia
Vallauris, França
Valsad, Índia
Vandavasi, Índia
Vandœuvre-lès-Nancy, França
Vapi, Índia
Varanasi, Índia
Varberg, Suécia
Varel, Alemanha
Varese, Itália
Vasai, Índia
Vasco da Gama, Índia
Vaterstetten, Alemanha
Vaulx-en-Velin, França
Vaxholm, Suécia
Vechelde, Alemanha
Vechta, Alemanha
Veendam, Holanda
Veenendaal, Holanda
Veere, Holanda
Veghel, Holanda
Velbert, Alemanha
Veldhoven, Holanda
Veliki Novgorod, Rússia
Veliki Ustiug, Rússia
Vellmar, Alemanha
Vellore, Índia
Veneza, Itália
Venlo, Holanda
Verden, Alemanha
Verl, Alemanha
Verona, Itália
Versmold, Alemanha
Vetlanda, Suécia
Vianen, Holanda
Viareggio, Itália
Viatski Poliani, Rússia
Viazma, Rússia
Viazniki, Rússia
Vicenza, Itália
Vidisha, Índia
Vidnoie, Rússia
Viernheim, Alemanha
Viersen, Alemanha
Vigevano, Itália
Vigneux-sur-Seine, França
Vijayawada, Índia
Viksa, Rússia
Villenave-d'Ornon, França
Villeurbanne, França
Villingen-Schwenningen, Alemanha
Vilshofen, Alemanha
Viluppuram, Índia
Vimmerby, Suécia
Virar, Índia
Vironas, Grécia
Virudhachalam, Índia
Viry-Châtillon, França
Visby, Suécia
Vishakhapatnam, Índia
Vissokovsk, Rússia
Viterbo, Itália
Vitrolles, França
Vittoria, Itália
Vizianagaram, Índia
Vladikavkaz, Rússia
Vladimir, Rússia
Vladivostok, Rússia
Vlagtwedde, Holanda
Vlissingen, Holanda
Vlotho, Alemanha
Voerde, Alemanha
Volgodonsk, Rússia
Volgogrado, Rússia
Voljsk, Rússia
Voljski, Rússia
Volkhov, Rússia
Vologda, Rússia
Volokolamsk, Rússia
Vorkuta, Rússia
Voronej, Rússia
Voskresensk, Rússia
Votkinsk, Rússia
Vreden, Alemanha
Vught, Holanda
Vyara, Índia
Vyborg, Rússia
Vänersborg, Suécia
Värnamo, Suécia
Västervik, Suécia
Västerås, Suécia
Växjö, Suécia
Véria, Grécia
Vólos, Grécia
Völklingen, Alemanha
Waalre, Holanda
Waalwijk, Holanda
Wachtberg, Alemanha
Wadern, Alemanha
Wadgassen, Alemanha
Wageningen, Holanda
Waghäusel, Alemanha
Waiblingen, Alemanha
Waldbröl, Alemanha
Waldkirch, Alemanha
Waldkirch, Alemanha
Waldkraiburg, Alemanha
Walldorf, Alemanha
Wallenhorst, Alemanha
Walsrode, Alemanha
Waltrop, Alemanha
Wandlitz, Alemanha
Wangen, Alemanha
Wani, Índia
Warangal, Índia
Warburg, Alemanha
Wardenburg, Alemanha
Wardha, Índia
Waren, Alemanha
Warendorf, Alemanha
Warstein, Alemanha
Wassenberg, Alemanha
Wattrelos, França
Wayanad, Índia
Wedel, Alemanha
Wedemark, Alemanha
Weener, Alemanha
Weert, Holanda
Wegberg, Alemanha
Wegeleben, Alemanha
Weiden, Alemanha
Weil der Stadt, Alemanha
Weil, Alemanha
Weilerswist, Alemanha
Weilheim, Alemanha
Weingarten, Alemanha
Weinheim, Alemanha
Weinstadt, Alemanha
Weiterstadt, Alemanha
Weißenburg, Alemanha
Weißenfels, Alemanha
Weißwasser, Alemanha
Wendelstein, Alemanha
Wenden, Alemanha
Wendlingen, Alemanha
Wentorf, Alemanha
Werdau, Alemanha
Werder, Alemanha
Werdohl, Alemanha
Werkendam, Holanda
Werl, Alemanha
Wermelskirchen, Alemanha
Werne, Alemanha
Wernigerode, Alemanha
Wertheim, Alemanha
Wesel, Alemanha
Wesseling, Alemanha
Westerstede, Alemanha
Westerveld, Holanda
Westoverledingen, Alemanha
Wetter, Alemanha
Wetzlar, Alemanha
Weyhe, Alemanha
Wiefelstede, Alemanha
Wiehl, Alemanha
Wiesbaden, Alemanha
Wiesloch, Alemanha
Wijk bij Duurstede, Holanda
Wildeshausen, Alemanha
Wilhelmshaven, Alemanha
Willich, Alemanha
Wilnsdorf, Alemanha
Windeck, Alemanha
Winnenden, Alemanha
Winschoten, Holanda
Winsen, Alemanha
Winsum, Holanda
Winterswijk, Holanda
Wipperfürth, Alemanha
Wismar, Alemanha
Witten, Alemanha
Wittenberg, Alemanha
Wittenberge, Alemanha
Wittlich, Alemanha
Wittmund, Alemanha
Wittstock, Alemanha
Witzenhausen, Alemanha
Woensdrecht, Holanda
Woerden, Holanda
Wolfen, Alemanha
Wolfenbüttel, Alemanha
Wolfratshausen, Alemanha
Wolfsburg, Alemanha
Wolgast, Alemanha
Worms, Alemanha
Woudenberg, Holanda
Woudrichem, Holanda
Wunstorf, Alemanha
Wuppertal, Alemanha
Wurzen, Alemanha
Wörth, Alemanha
Wülfrath, Alemanha
Würselen, Alemanha
Würzburg, Alemanha
Xanten, Alemanha
Xanti, Grécia
Yamuna Nagar, Índia
Yanam, Índia
Yavatmal, Índia
Yerres, França
Ystad, Suécia
Zaraisk, Rússia
Zeewolde, Holanda
Zehdenick, Alemanha
Zeist, Holanda
Zeitz, Alemanha
Zelenodolsk, Rússia
Zelenogorsk, Rússia
Zelenogorsk, Rússia
Zelenograd, Rússia
Zelenogradsk, Rússia
Zerbst, Alemanha
Zirndorf, Alemanha
Zittau, Alemanha
Zlatoiust, Rússia
Zoetermeer, Holanda
Zografo, Grécia
Zossen, Alemanha
Zuidhorn, Holanda
Zundert, Holanda
Zutphen, Holanda
Zvenigorod, Rússia
Zwolle, Holanda
Zülpich, Alemanha
Shrigonda, Índia
Shrirampur, Índia
Ándria, Itália
Ängelholm, Suécia
Åmål, Suécia
Échirolles, França
Évian-les-Bains, França
Évry, França
Öhringen, Alemanha
Örebro, Suécia
Öregrund, Suécia
Örnsköldsvik, Suécia
Östersund, Suécia
Údine, Itália
Übach-Palenberg, Alemanha
Überlingen, Alemanha
